{"cameraMode":{"drawMode":0,"name":"Shaded","section":"Shading Mode"},"sceneLighting":true,"audioPlay":false,"sceneViewState":{"m_AlwaysRefresh":false,"showFog":true,"showSkybox":true,"showFlares":true,"showImageEffects":true,"showParticleSystems":true,"showVisualEffectGraphs":true,"m_FxEnabled":true},"in2DMode":false,"pivot":{"x":0.12435472011566162,"y":0.1142847090959549,"z":0.5809836387634277},"rotation":{"x":-0.031489718705415729,"y":0.01799013465642929,"z":0.0005668748053722084,"w":0.9993429780006409},"size":0.2056427150964737,"orthographic":true}