{"cameraMode":{"drawMode":0,"name":"Shaded","section":"Shading Mode"},"sceneLighting":true,"audioPlay":false,"sceneViewState":{"m_AlwaysRefresh":false,"showFog":true,"showSkybox":true,"showFlares":true,"showImageEffects":true,"showParticleSystems":true,"showVisualEffectGraphs":true,"m_FxEnabled":true},"in2DMode":false,"pivot":{"x":0.09701645374298096,"y":-0.017875541001558305,"z":2.7987265586853029},"rotation":{"x":0.023190241307020189,"y":-0.7109512090682983,"z":0.02346956357359886,"w":0.7024704217910767},"size":0.6164945363998413,"orthographic":true}