{"cameraMode":{"drawMode":0,"name":"Shaded","section":"Shading Mode"},"sceneLighting":true,"audioPlay":false,"sceneViewState":{"m_AlwaysRefresh":false,"showFog":true,"showSkybox":true,"showFlares":true,"showImageEffects":true,"showParticleSystems":true,"showVisualEffectGraphs":true,"m_FxEnabled":true},"in2DMode":false,"pivot":{"x":0.4021267294883728,"y":0.05961325392127037,"z":3.558434247970581},"rotation":{"x":0.05034465715289116,"y":-0.7260340452194214,"z":0.053459830582141879,"w":0.6837280988693237},"size":1.1508196592330933,"orthographic":true}