{"cameraMode":{"drawMode":0,"name":"Shaded","section":"Shading Mode"},"sceneLighting":true,"audioPlay":false,"sceneViewState":{"m_AlwaysRefresh":false,"showFog":true,"showSkybox":true,"showFlares":true,"showImageEffects":true,"showParticleSystems":true,"showVisualEffectGraphs":true,"m_FxEnabled":true},"in2DMode":false,"pivot":{"x":0.010865658521652222,"y":0.3138890862464905,"z":1.9524593353271485},"rotation":{"x":0.07894691824913025,"y":-0.8252092599868774,"z":0.11924482882022858,"w":0.5464494228363037},"size":0.14593711495399476,"orthographic":true}