{"cameraMode":{"drawMode":0,"name":"Shaded","section":"Shading Mode"},"sceneLighting":true,"audioPlay":false,"sceneViewState":{"m_AlwaysRefresh":false,"showFog":true,"showSkybox":true,"showFlares":true,"showImageEffects":true,"showParticleSystems":true,"showVisualEffectGraphs":true,"m_FxEnabled":true},"in2DMode":false,"pivot":{"x":0.09181234240531922,"y":-0.049573495984077457,"z":2.6986637115478517},"rotation":{"x":0.023190241307020189,"y":-0.7109512090682983,"z":0.02346956357359886,"w":0.7024704217910767},"size":0.5037866830825806,"orthographic":true}