{"cameraMode":{"drawMode":0,"name":"Shaded","section":"Shading Mode"},"sceneLighting":false,"audioPlay":false,"sceneViewState":{"m_AlwaysRefresh":false,"showFog":true,"showSkybox":false,"showFlares":true,"showImageEffects":true,"showParticleSystems":true,"showVisualEffectGraphs":true,"m_FxEnabled":true},"in2DMode":false,"pivot":{"x":-0.0002740323543548584,"y":-0.005039289593696594,"z":1.8928910493850709},"rotation":{"x":0.14555931091308595,"y":-0.5104358792304993,"z":0.08814540505409241,"w":0.8429107069969177},"size":1.0221750736236573,"orthographic":false}