{"cameraMode":{"drawMode":0,"name":"Shaded","section":"Shading Mode"},"sceneLighting":false,"audioPlay":false,"sceneViewState":{"m_AlwaysRefresh":false,"showFog":true,"showSkybox":false,"showFlares":true,"showImageEffects":true,"showParticleSystems":true,"showVisualEffectGraphs":true,"m_FxEnabled":true},"in2DMode":false,"pivot":{"x":-0.02481815218925476,"y":0.1308937966823578,"z":2.501023530960083},"rotation":{"x":0.09799797087907791,"y":-0.7916175127029419,"z":0.13181544840335847,"w":0.5885285139083862},"size":0.4221750497817993,"orthographic":false}